Temps,fermee,ouvert,x_conv,x_ext,x_inter,y_conv,y_sta,z_haut,z_bas,conv_debut,conv_fin,gliss1,gliss2,but_int,but_ext,stop_out,stop_in,EmStop,gliss_int,gliss_ext
2021-05-17 00:26:33.9,0,0,0,0,0,0,0,0,0,0,0,0,0,0,0,0,0,0,0,0
2021-05-17 00:26:34.1,0,1,1,0,0,0,1,1,0,0,0,0,0,0,0,0,1,0,1,0
2021-05-17 00:27:04.9,0,1,1,0,0,0,1,1,0,0,0,0,0,0,0,0,1,0,0,0
2021-05-17 00:27:19.8,0,1,1,0,0,0,1,1,0,1,0,0,0,0,0,0,1,0,0,0
2021-05-17 00:27:20.4,0,1,1,0,0,0,1,1,0,0,0,0,0,0,0,0,1,0,0,0
2021-05-17 00:27:22.7,0,1,1,0,0,0,1,1,0,0,1,0,0,0,0,0,1,0,0,0
2021-05-17 00:27:23.3,0,1,1,0,0,0,1,0,0,0,1,0,0,0,0,0,1,0,0,0
2021-05-17 00:27:24.6,0,1,1,0,0,0,1,0,1,0,1,0,0,0,0,0,1,0,0,0
2021-05-17 00:27:24.7,0,0,1,0,0,0,1,0,1,0,1,0,0,0,0,0,1,0,0,0
2021-05-17 00:27:24.8,1,0,1,0,0,0,1,0,1,0,1,0,0,0,0,0,1,0,0,0
2021-05-17 00:27:25.4,1,0,1,0,0,0,1,0,0,0,1,0,0,0,0,0,1,0,0,0
2021-05-17 00:27:25.6,1,0,1,0,0,0,1,0,0,0,0,0,0,0,0,0,1,0,0,0
2021-05-17 00:27:26.8,1,0,1,0,0,0,1,1,0,0,0,0,0,0,0,0,1,0,0,0
2021-05-17 00:27:26.9,1,0,1,0,0,0,0,1,0,0,0,0,0,0,0,0,1,0,0,0
2021-05-17 00:27:28.0,1,0,1,0,0,1,0,1,0,0,0,0,0,0,0,0,1,0,0,0
2021-05-17 00:27:28.6,1,0,1,0,0,1,0,0,0,0,0,0,0,0,0,0,1,0,0,0
2021-05-17 00:27:30.0,1,0,1,0,0,1,0,0,1,0,0,0,0,0,0,0,1,0,0,0
2021-05-17 00:27:30.1,0,1,1,0,0,1,0,0,1,0,0,0,0,0,0,0,1,0,0,0
2021-05-17 00:27:30.6,0,1,1,0,0,1,0,0,0,0,0,0,0,0,0,0,1,0,0,0
2021-05-17 00:27:32.0,0,1,1,0,0,1,0,1,0,0,0,0,0,0,0,0,1,0,0,0
2021-05-17 00:27:32.1,0,1,1,0,0,0,0,1,0,0,0,0,0,0,0,0,1,0,0,0
2021-05-17 00:27:33.4,0,1,1,0,0,0,1,1,0,0,0,0,0,0,0,0,1,0,0,0
2021-05-17 00:27:33.5,0,1,1,0,0,0,0,1,0,0,0,0,0,0,0,0,1,0,0,0
2021-05-17 00:27:34.7,0,1,1,0,0,1,0,1,0,0,0,0,0,0,0,0,1,0,0,0
2021-05-17 00:27:35.1,0,1,1,0,0,1,0,0,0,0,0,0,0,0,0,0,1,0,0,0
2021-05-17 00:27:36.6,0,1,1,0,0,1,0,0,1,0,0,0,0,0,0,0,1,0,0,0
2021-05-17 00:27:36.7,0,0,1,0,0,1,0,0,1,0,0,0,0,0,0,0,1,0,0,0
2021-05-17 00:27:36.8,1,0,1,0,0,1,0,0,1,0,0,0,0,0,0,0,1,0,0,0
2021-05-17 00:27:37.4,1,0,1,0,0,1,0,0,0,0,0,0,0,0,0,0,1,0,0,0
2021-05-17 00:27:38.8,1,0,1,0,0,1,0,1,0,0,0,0,0,0,0,0,1,0,0,0
2021-05-17 00:27:38.9,1,0,1,0,0,0,0,1,0,0,0,0,0,0,0,0,1,0,0,0
2021-05-17 00:27:39.6,1,0,1,0,0,0,0,1,0,1,0,0,0,0,0,0,1,0,0,0
2021-05-17 00:27:40.3,1,0,1,0,0,0,1,1,0,1,0,0,0,0,0,0,1,0,0,0
2021-05-17 00:27:40.4,1,0,1,0,0,0,1,1,0,1,0,0,0,1,0,0,1,0,0,0
2021-05-17 00:27:40.5,1,0,1,0,0,0,1,1,0,1,0,0,0,1,0,1,0,0,0,0
2021-05-17 00:27:40.7,1,0,0,0,0,0,1,1,0,1,0,0,0,1,0,1,0,0,0,0
2021-05-17 00:27:41.6,1,0,0,0,1,0,1,1,0,1,0,0,0,1,0,1,0,0,0,0
2021-05-17 00:27:42.1,1,0,0,0,1,0,1,0,0,1,0,0,0,1,0,1,0,0,0,0
2021-05-17 00:27:43.0,1,0,0,0,1,0,1,0,0,1,0,1,0,1,0,1,0,0,0,0
2021-05-17 00:27:43.5,1,0,0,0,1,0,1,0,1,1,0,1,0,1,0,1,0,0,0,0
2021-05-17 00:27:43.8,0,1,0,0,1,0,1,0,1,1,0,1,0,1,0,1,0,0,0,0
2021-05-17 00:27:44.2,0,1,0,0,1,0,1,0,0,1,0,1,0,1,0,1,0,0,0,0
2021-05-17 00:27:45.6,0,1,0,0,1,0,1,1,0,1,0,1,0,1,0,1,0,0,0,0
2021-05-17 00:27:45.7,0,1,0,0,0,0,1,1,0,1,0,1,0,0,0,0,0,0,0,0
2021-05-17 00:27:45.8,0,1,0,0,0,0,1,1,0,1,0,1,0,0,0,0,1,0,0,0
2021-05-17 00:27:46.3,0,1,0,0,0,0,1,1,0,1,0,0,0,0,0,0,1,0,0,0
2021-05-17 00:27:46.4,0,1,0,0,0,0,1,1,0,1,0,0,0,0,0,0,1,0,1,0
2021-05-17 00:27:46.6,0,1,0,0,0,0,1,1,0,1,0,0,0,0,0,0,1,0,0,0
2021-05-17 00:27:47.0,0,1,1,0,0,0,1,1,0,1,0,0,0,0,0,0,1,0,0,0
2021-05-17 00:27:47.4,0,1,1,0,0,0,1,1,0,0,0,0,0,0,0,0,1,0,0,0
2021-05-17 00:27:49.9,0,1,1,0,0,0,1,1,0,0,1,0,0,0,0,0,1,0,0,0
2021-05-17 00:27:50.3,0,1,1,0,0,0,1,0,0,0,1,0,0,0,0,0,1,0,0,0
2021-05-17 00:27:51.7,0,1,1,0,0,0,1,0,1,0,1,0,0,0,0,0,1,0,0,0
2021-05-17 00:27:51.8,0,0,1,0,0,0,1,0,1,0,1,0,0,0,0,0,1,0,0,0
2021-05-17 00:27:51.9,1,0,1,0,0,0,1,0,1,0,1,0,0,0,0,0,1,0,0,0
2021-05-17 00:27:52.4,1,0,1,0,0,0,1,0,0,0,1,0,0,0,0,0,1,0,0,0
2021-05-17 00:27:52.7,1,0,1,0,0,0,1,0,0,0,0,0,0,0,0,0,1,0,0,0
2021-05-17 00:27:53.7,1,0,1,0,0,0,1,1,0,0,0,0,0,0,0,0,1,0,0,0
2021-05-17 00:27:53.9,1,0,1,0,0,0,0,1,0,0,0,0,0,0,0,0,1,0,0,0
2021-05-17 00:27:55.2,1,0,1,0,0,1,0,1,0,0,0,0,0,0,0,0,1,0,0,0
2021-05-17 00:27:55.6,1,0,1,0,0,1,0,0,0,0,0,0,0,0,0,0,1,0,0,0
2021-05-17 00:27:57.0,1,0,1,0,0,1,0,0,1,0,0,0,0,0,0,0,1,0,0,0
2021-05-17 00:27:57.1,0,0,1,0,0,1,0,0,1,0,0,0,0,0,0,0,1,0,0,0
2021-05-17 00:27:57.2,0,1,1,0,0,1,0,0,1,0,0,0,0,0,0,0,1,0,0,0
2021-05-17 00:27:57.8,0,1,1,0,0,1,0,0,0,0,0,0,0,0,0,0,1,0,0,0
2021-05-17 00:27:59.2,0,1,1,0,0,1,0,1,0,0,0,0,0,0,0,0,1,0,0,0
2021-05-17 00:27:59.5,0,1,1,0,0,0,0,1,0,1,0,0,0,0,0,0,1,0,0,0
2021-05-17 00:28:00.5,0,1,1,0,0,0,1,1,0,1,0,0,0,0,0,0,1,0,0,0
2021-05-17 00:28:00.6,0,1,1,0,0,0,0,1,0,1,0,0,0,0,0,0,1,0,0,0
2021-05-17 00:28:01.7,0,1,1,0,0,1,0,1,0,1,0,0,0,0,0,0,1,0,0,0
2021-05-17 00:28:02.2,0,1,1,0,0,1,0,0,0,1,0,0,0,0,0,0,1,0,0,0
2021-05-17 00:28:03.7,0,1,1,0,0,1,0,0,1,1,0,0,0,0,0,0,1,0,0,0
2021-05-17 00:28:03.8,0,0,1,0,0,1,0,0,1,1,0,0,0,0,0,0,1,0,0,0
2021-05-17 00:28:03.9,1,0,1,0,0,1,0,0,1,1,0,0,0,0,0,0,1,0,0,0
2021-05-17 00:28:04.5,1,0,1,0,0,1,0,0,0,1,0,0,0,0,0,0,1,0,0,0
2021-05-17 00:28:05.8,1,0,1,0,0,1,0,1,0,1,0,0,0,0,0,0,1,0,0,0
2021-05-17 00:28:06.0,1,0,1,0,0,0,0,1,0,1,0,0,0,0,0,0,1,0,0,0
2021-05-17 00:28:07.0,1,0,1,0,0,0,1,1,0,1,0,0,0,0,0,0,1,0,0,0
2021-05-17 00:28:07.3,1,0,1,0,0,0,1,1,0,1,0,0,0,1,0,0,1,0,0,0
2021-05-17 00:28:07.5,1,0,1,0,0,0,1,1,0,1,0,0,0,1,0,0,0,0,0,0
2021-05-17 00:28:07.6,1,0,1,0,0,0,1,1,0,1,0,0,0,1,0,1,0,0,0,0
2021-05-17 00:28:07.7,1,0,0,0,0,0,1,1,0,1,0,0,0,1,0,1,0,0,0,0
2021-05-17 00:28:08.6,1,0,0,0,1,0,1,1,0,1,0,0,0,1,0,1,0,0,0,0
2021-05-17 00:28:09.2,1,0,0,0,1,0,1,0,0,1,0,0,0,1,0,1,0,0,0,0
2021-05-17 00:28:10.5,1,0,0,0,1,0,1,0,1,1,0,0,0,1,0,1,0,0,0,0
2021-05-17 00:28:10.7,0,1,0,0,1,0,1,0,1,1,0,0,0,1,0,1,0,0,0,0
2021-05-17 00:28:11.3,0,1,0,0,1,0,1,0,0,1,0,0,0,1,0,1,0,0,0,0
2021-05-17 00:28:12.6,0,1,0,0,1,0,1,1,0,1,0,0,0,1,0,1,0,0,0,0
2021-05-17 00:28:12.8,0,1,0,0,0,0,1,1,0,1,0,0,0,0,0,0,0,0,0,0
2021-05-17 00:28:12.9,0,1,0,0,0,0,1,1,0,1,0,0,0,0,0,0,1,0,0,0
2021-05-17 00:28:31.8,0,1,1,0,0,0,1,1,0,1,0,0,0,0,0,0,1,0,0,0
2021-05-17 00:28:32.3,0,1,1,0,0,0,1,1,0,0,0,0,0,0,0,0,1,0,0,0
2021-05-17 00:28:34.8,0,1,1,0,0,0,1,1,0,0,1,0,0,0,0,0,1,0,0,0
2021-05-17 00:28:35.4,0,1,1,0,0,0,1,0,0,0,1,0,0,0,0,0,1,0,0,0
2021-05-17 00:28:36.6,0,1,1,0,0,0,1,0,1,0,1,0,0,0,0,0,1,0,0,0
2021-05-17 00:28:36.8,0,0,1,0,0,0,1,0,1,0,1,0,0,0,0,0,1,0,0,0
2021-05-17 00:28:36.9,1,0,1,0,0,0,1,0,1,0,1,0,0,0,0,0,1,0,0,0
2021-05-17 00:28:37.3,1,0,1,0,0,0,1,0,0,0,1,0,0,0,0,0,1,0,0,0
2021-05-17 00:28:37.6,1,0,1,0,0,0,1,0,0,0,0,0,0,0,0,0,1,0,0,0
2021-05-17 00:28:38.6,1,0,1,0,0,0,1,1,0,0,0,0,0,0,0,0,1,0,0,0
2021-05-17 00:28:38.8,1,0,1,0,0,0,0,1,0,0,0,0,0,0,0,0,1,0,0,0
2021-05-17 00:28:40.0,1,0,1,0,0,1,0,1,0,0,0,0,0,0,0,0,1,0,0,0
2021-05-17 00:28:40.6,1,0,1,0,0,1,0,0,0,0,0,0,0,0,0,0,1,0,0,0
2021-05-17 00:28:41.8,1,0,1,0,0,1,0,0,1,0,0,0,0,0,0,0,1,0,0,0
2021-05-17 00:28:42.0,0,0,1,0,0,1,0,0,1,0,0,0,0,0,0,0,1,0,0,0
2021-05-17 00:28:42.2,0,1,1,0,0,1,0,0,1,0,0,0,0,0,0,0,1,0,0,0
2021-05-17 00:28:42.6,0,1,1,0,0,1,0,0,0,0,0,0,0,0,0,0,1,0,0,0
2021-05-17 00:28:43.9,0,1,1,0,0,1,0,1,0,0,0,0,0,0,0,0,1,0,0,0
2021-05-17 00:28:44.1,0,1,1,0,0,0,0,1,0,0,0,0,0,0,0,0,1,0,0,0
2021-05-17 00:28:45.3,0,1,1,0,0,0,1,1,0,0,0,0,0,0,0,0,1,0,0,0
2021-05-17 00:28:45.4,0,1,1,0,0,0,0,1,0,0,0,0,0,0,0,0,1,0,0,0
2021-05-17 00:28:46.6,0,1,1,0,0,1,0,1,0,0,0,0,0,0,0,0,1,0,0,0
2021-05-17 00:28:47.2,0,1,1,0,0,1,0,0,0,0,0,0,0,0,0,0,1,0,0,0
2021-05-17 00:28:48.6,0,1,1,0,0,1,0,0,1,0,0,0,0,0,0,0,1,0,0,0
2021-05-17 00:28:48.8,1,0,1,0,0,1,0,0,1,0,0,0,0,0,0,0,1,0,0,0
2021-05-17 00:28:49.2,1,0,1,0,0,1,0,0,0,0,0,0,0,0,0,0,1,0,0,0
2021-05-17 00:28:50.5,1,0,1,0,0,1,0,1,0,0,0,0,0,0,0,0,1,0,0,0
2021-05-17 00:28:50.7,1,0,1,0,0,0,0,1,0,0,0,0,0,0,0,0,1,0,0,0
2021-05-17 00:28:51.9,1,0,1,0,0,0,1,1,0,0,0,0,0,0,0,0,1,0,0,0
2021-05-17 00:28:52.1,1,0,1,0,0,0,1,1,0,0,0,0,0,1,0,0,1,0,0,0
2021-05-17 00:28:52.3,1,0,1,0,0,0,1,1,0,0,0,0,0,1,0,0,0,0,0,0
2021-05-17 00:28:52.4,1,0,1,0,0,0,1,1,0,0,0,0,0,1,0,1,0,0,0,0
2021-05-17 00:28:52.5,1,0,0,0,0,0,1,1,0,0,0,0,0,1,0,1,0,0,0,0
2021-05-17 00:28:53.4,1,0,0,0,1,0,1,1,0,0,0,0,0,1,0,1,0,0,0,0
2021-05-17 00:28:54.0,1,0,0,0,1,0,1,0,0,0,0,0,0,1,0,1,0,0,0,0
2021-05-17 00:28:54.8,1,0,0,0,1,0,1,0,0,0,0,1,0,1,0,1,0,0,0,0
2021-05-17 00:28:55.4,1,0,0,0,1,0,1,0,1,0,0,1,0,1,0,1,0,0,0,0
2021-05-17 00:28:55.6,0,1,0,0,1,0,1,0,1,0,0,1,0,1,0,1,0,0,0,0
2021-05-17 00:28:56.1,0,1,0,0,1,0,1,0,0,0,0,1,0,1,0,1,0,0,0,0
2021-05-17 00:28:57.4,0,1,0,0,1,0,1,1,0,0,0,1,0,1,0,1,0,0,0,0
2021-05-17 00:28:57.6,0,1,0,0,0,0,1,1,0,0,0,1,0,0,0,0,0,0,0,0
2021-05-17 00:28:57.7,0,1,0,0,0,0,1,1,0,0,0,1,0,0,0,0,1,0,0,0
2021-05-17 00:28:58.1,0,1,0,0,0,0,1,1,0,0,0,0,0,0,0,0,1,0,0,0
2021-05-17 00:28:58.2,0,1,0,0,0,0,1,1,0,0,0,0,0,0,0,0,1,0,1,0
2021-05-17 00:28:58.5,0,1,0,0,0,0,1,1,0,0,0,0,0,0,0,0,1,0,0,0
2021-05-17 00:28:58.7,0,1,1,0,0,0,1,1,0,0,0,0,0,0,0,0,1,0,0,0
2021-05-17 00:29:00.2,0,1,1,0,0,0,1,1,0,1,0,0,0,0,0,0,1,0,0,0
2021-05-17 00:29:00.7,0,1,1,0,0,0,1,1,0,0,0,0,0,0,0,0,1,0,0,0
2021-05-17 00:29:03.0,0,1,1,0,0,0,1,1,0,0,1,0,0,0,0,0,1,0,0,0
2021-05-17 00:29:03.4,0,1,1,0,0,0,1,0,0,0,1,0,0,0,0,0,1,0,0,0
2021-05-17 00:29:04.8,0,1,1,0,0,0,1,0,1,0,1,0,0,0,0,0,1,0,0,0
2021-05-17 00:29:05.0,0,0,1,0,0,0,1,0,1,0,1,0,0,0,0,0,1,0,0,0
2021-05-17 00:29:05.1,1,0,1,0,0,0,1,0,1,0,1,0,0,0,0,0,1,0,0,0
2021-05-17 00:29:05.5,1,0,1,0,0,0,1,0,0,0,1,0,0,0,0,0,1,0,0,0
2021-05-17 00:29:05.7,1,0,1,0,0,0,1,0,0,0,0,0,0,0,0,0,1,0,0,0
2021-05-17 00:29:06.8,1,0,1,0,0,0,1,1,0,0,0,0,0,0,0,0,1,0,0,0
2021-05-17 00:29:07.0,1,0,1,0,0,0,0,1,0,0,0,0,0,0,0,0,1,0,0,0
2021-05-17 00:29:08.2,1,0,1,0,0,1,0,1,0,0,0,0,0,0,0,0,1,0,0,0
2021-05-17 00:29:08.7,1,0,1,0,0,1,0,0,0,0,0,0,0,0,0,0,1,0,0,0
2021-05-17 00:29:10.1,1,0,1,0,0,1,0,0,1,0,0,0,0,0,0,0,1,0,0,0
2021-05-17 00:29:10.2,0,0,1,0,0,1,0,0,1,0,0,0,0,0,0,0,1,0,0,0
2021-05-17 00:29:10.3,0,1,1,0,0,1,0,0,1,0,0,0,0,0,0,0,1,0,0,0
2021-05-17 00:29:10.8,0,1,1,0,0,1,0,0,0,0,0,0,0,0,0,0,1,0,0,0
2021-05-17 00:29:12.3,0,1,1,0,0,1,0,1,0,0,0,0,0,0,0,0,1,0,0,0
2021-05-17 00:29:12.4,0,1,1,0,0,0,0,1,0,0,0,0,0,0,0,0,1,0,0,0
2021-05-17 00:29:13.5,0,1,1,0,0,0,1,1,0,0,0,0,0,0,0,0,1,0,0,0
2021-05-17 00:29:13.6,0,1,1,0,0,0,0,1,0,0,0,0,0,0,0,0,1,0,0,0
2021-05-17 00:29:14.7,0,1,1,0,0,1,0,1,0,0,0,0,0,0,0,0,1,0,0,0
2021-05-17 00:29:15.4,0,1,1,0,0,1,0,0,0,0,0,0,0,0,0,0,1,0,0,0
2021-05-17 00:29:16.7,0,1,1,0,0,1,0,0,1,0,0,0,0,0,0,0,1,0,0,0
2021-05-17 00:29:16.9,0,0,1,0,0,1,0,0,1,0,0,0,0,0,0,0,1,0,0,0
2021-05-17 00:29:17.0,1,0,1,0,0,1,0,0,1,0,0,0,0,0,0,0,1,0,0,0
2021-05-17 00:29:17.6,1,0,1,0,0,1,0,0,0,0,0,0,0,0,0,0,1,0,0,0
2021-05-17 00:29:19.0,1,0,1,0,0,1,0,1,0,0,0,0,0,0,0,0,1,0,0,0
2021-05-17 00:29:19.1,1,0,1,0,0,0,0,1,0,0,0,0,0,0,0,0,1,0,0,0
2021-05-17 00:29:20.2,1,0,1,0,0,0,1,1,0,0,0,0,0,0,0,0,1,0,0,0
2021-05-17 00:29:20.3,1,0,1,0,0,0,1,1,0,0,0,0,0,1,0,0,1,0,0,0
2021-05-17 00:29:20.6,1,0,1,0,0,0,1,1,0,0,0,0,0,1,0,0,0,0,0,0
2021-05-17 00:29:20.7,1,0,1,0,0,0,1,1,0,0,0,0,0,1,0,1,0,0,0,0
2021-05-17 00:29:20.8,1,0,0,0,0,0,1,1,0,0,0,0,0,1,0,1,0,0,0,0
2021-05-17 00:29:21.6,1,0,0,0,1,0,1,1,0,0,0,0,0,1,0,1,0,0,0,0
2021-05-17 00:29:22.3,1,0,0,0,1,0,1,0,0,0,0,0,0,1,0,1,0,0,0,0
2021-05-17 00:29:23.0,1,0,0,0,1,0,1,0,0,0,0,1,0,1,0,1,0,0,0,0
2021-05-17 00:29:23.6,1,0,0,0,1,0,1,0,1,0,0,1,0,1,0,1,0,0,0,0
2021-05-17 00:29:23.8,0,1,0,0,1,0,1,0,1,0,0,1,0,1,0,1,0,0,0,0
2021-05-17 00:29:24.4,0,1,0,0,1,0,1,0,0,0,0,1,0,1,0,1,0,0,0,0
2021-05-17 00:29:25.7,0,1,0,0,1,0,1,1,0,0,0,1,0,1,0,1,0,0,0,0
2021-05-17 00:29:25.9,0,1,0,0,0,0,1,1,0,0,0,1,0,0,0,0,1,0,0,0
2021-05-17 00:29:26.4,0,1,0,0,0,0,1,1,0,0,0,0,0,0,0,0,1,0,0,0
2021-05-17 00:29:26.5,0,1,0,0,0,0,1,1,0,0,0,0,0,0,0,0,1,0,1,0
2021-05-17 00:29:26.7,0,1,0,0,0,0,1,1,0,0,0,0,0,0,0,0,1,0,0,0
2021-05-17 00:29:27.0,0,1,1,0,0,0,1,1,0,0,0,0,0,0,0,0,1,0,0,0
2021-05-17 00:29:28.7,0,1,1,0,0,0,1,1,0,1,0,0,0,0,0,0,1,0,0,0
2021-05-17 00:29:29.2,0,1,1,0,0,0,1,1,0,0,0,0,0,0,0,0,1,0,0,0
2021-05-17 00:29:31.6,0,1,1,0,0,0,1,1,0,0,1,0,0,0,0,0,1,0,0,0
2021-05-17 00:29:32.0,0,1,1,0,0,0,1,0,0,0,1,0,0,0,0,0,1,0,0,0
2021-05-17 00:29:33.5,0,1,1,0,0,0,1,0,1,0,1,0,0,0,0,0,1,0,0,0
2021-05-17 00:29:33.6,0,0,1,0,0,0,1,0,1,0,1,0,0,0,0,0,1,0,0,0
2021-05-17 00:29:33.7,1,0,1,0,0,0,1,0,1,0,1,0,0,0,0,0,1,0,0,0
2021-05-17 00:29:34.3,1,0,1,0,0,0,1,0,0,0,1,0,0,0,0,0,1,0,0,0
2021-05-17 00:29:34.4,1,0,1,0,0,0,1,0,0,0,0,0,0,0,0,0,1,0,0,0
2021-05-17 00:29:35.6,1,0,1,0,0,0,1,1,0,0,0,0,0,0,0,0,1,0,0,0
2021-05-17 00:29:35.8,1,0,1,0,0,0,0,1,0,0,0,0,0,0,0,0,1,0,0,0
2021-05-17 00:29:36.9,1,0,1,0,0,1,0,1,0,0,0,0,0,0,0,0,1,0,0,0
2021-05-17 00:29:37.5,1,0,1,0,0,1,0,0,0,0,0,0,0,0,0,0,1,0,0,0
2021-05-17 00:29:38.7,1,0,1,0,0,1,0,0,1,0,0,0,0,0,0,0,1,0,0,0
2021-05-17 00:29:39.0,0,0,1,0,0,1,0,0,1,0,0,0,0,0,0,0,1,0,0,0
2021-05-17 00:29:39.1,0,1,1,0,0,1,0,0,1,0,0,0,0,0,0,0,1,0,0,0
2021-05-17 00:29:39.5,0,1,1,0,0,1,0,0,0,0,0,0,0,0,0,0,1,0,0,0
2021-05-17 00:29:40.9,0,1,1,0,0,1,0,1,0,0,0,0,0,0,0,0,1,0,0,0
2021-05-17 00:29:41.0,0,1,1,0,0,0,0,1,0,0,0,0,0,0,0,0,1,0,0,0
2021-05-17 00:29:42.3,0,1,1,0,0,0,1,1,0,0,0,0,0,0,0,0,1,0,0,0
2021-05-17 00:29:42.4,0,1,1,0,0,0,0,1,0,0,0,0,0,0,0,0,1,0,0,0
2021-05-17 00:29:43.4,0,1,1,0,0,1,0,1,0,0,0,0,0,0,0,0,1,0,0,0
2021-05-17 00:29:44.1,0,1,1,0,0,1,0,0,0,0,0,0,0,0,0,0,1,0,0,0
2021-05-17 00:29:45.5,0,1,1,0,0,1,0,0,1,0,0,0,0,0,0,0,1,0,0,0
2021-05-17 00:29:45.6,0,0,1,0,0,1,0,0,1,0,0,0,0,0,0,0,1,0,0,0
2021-05-17 00:29:45.7,1,0,1,0,0,1,0,0,1,0,0,0,0,0,0,0,1,0,0,0
2021-05-17 00:29:46.3,1,0,1,0,0,1,0,0,0,0,0,0,0,0,0,0,1,0,0,0
2021-05-17 00:29:47.6,1,0,1,0,0,1,0,1,0,0,0,0,0,0,0,0,1,0,0,0
2021-05-17 00:29:47.8,1,0,1,0,0,0,0,1,0,0,0,0,0,0,0,0,1,0,0,0
2021-05-17 00:29:48.9,1,0,1,0,0,0,1,1,0,0,0,0,0,0,0,0,1,0,0,0
2021-05-17 00:29:49.1,1,0,1,0,0,0,1,1,0,0,0,0,0,1,0,0,1,0,0,0
2021-05-17 00:29:49.2,1,0,1,0,0,0,1,1,0,0,0,0,0,1,0,0,0,0,0,0
2021-05-17 00:29:49.3,1,0,1,0,0,0,1,1,0,0,0,0,0,1,0,1,0,0,0,0
2021-05-17 00:29:49.5,1,0,0,0,0,0,1,1,0,0,0,0,0,1,0,1,0,0,0,0
2021-05-17 00:29:50.4,1,0,0,0,1,0,1,1,0,0,0,0,0,1,0,1,0,0,0,0
2021-05-17 00:29:51.0,1,0,0,0,1,0,1,0,0,0,0,0,0,1,0,1,0,0,0,0
2021-05-17 00:29:51.8,1,0,0,0,1,0,1,0,0,0,0,1,0,1,0,1,0,0,0,0
2021-05-17 00:29:52.3,1,0,0,0,1,0,1,0,1,0,0,1,0,1,0,1,0,0,0,0
2021-05-17 00:29:52.5,0,0,0,0,1,0,1,0,1,0,0,1,0,1,0,1,0,0,0,0
2021-05-17 00:29:52.6,0,1,0,0,1,0,1,0,1,0,0,1,0,1,0,1,0,0,0,0
2021-05-17 00:29:53.1,0,1,0,0,1,0,1,0,0,0,0,1,0,1,0,1,0,0,0,0
2021-05-17 00:29:54.4,0,1,0,0,1,0,1,1,0,0,0,1,0,1,0,1,0,0,0,0
2021-05-17 00:29:54.5,0,1,0,0,0,0,1,1,0,0,0,1,0,0,0,0,0,0,0,0
2021-05-17 00:29:54.7,0,1,0,0,0,0,1,1,0,1,0,1,0,0,0,0,1,0,0,0
2021-05-17 00:29:55.4,0,1,0,0,0,0,1,1,0,1,0,0,0,0,0,0,1,0,1,0
2021-05-17 00:29:55.5,0,1,0,0,0,0,1,1,0,1,0,0,0,0,0,0,1,0,0,0
2021-05-17 00:29:55.8,0,1,1,0,0,0,1,1,0,1,0,0,0,0,0,0,1,0,0,0
2021-05-17 00:29:56.3,0,1,1,0,0,0,1,1,0,0,0,0,0,0,0,0,1,0,0,0
2021-05-17 00:29:58.8,0,1,1,0,0,0,1,1,0,0,1,0,0,0,0,0,1,0,0,0
2021-05-17 00:29:59.2,0,1,1,0,0,0,1,0,0,0,1,0,0,0,0,0,1,0,0,0
2021-05-17 00:30:00.5,0,1,1,0,0,0,1,0,1,0,1,0,0,0,0,0,1,0,0,0
2021-05-17 00:30:00.7,0,0,1,0,0,0,1,0,1,0,1,0,0,0,0,0,1,0,0,0
2021-05-17 00:30:00.8,1,0,1,0,0,0,1,0,1,0,1,0,0,0,0,0,1,0,0,0
2021-05-17 00:30:01.4,1,0,1,0,0,0,1,0,0,0,1,0,0,0,0,0,1,0,0,0
2021-05-17 00:30:01.6,1,0,1,0,0,0,1,0,0,0,0,0,0,0,0,0,1,0,0,0
2021-05-17 00:30:02.7,1,0,1,0,0,0,1,1,0,0,0,0,0,0,0,0,1,0,0,0
2021-05-17 00:30:02.9,1,0,1,0,0,0,0,1,0,0,0,0,0,0,0,0,1,0,0,0
2021-05-17 00:30:03.9,1,0,1,0,0,1,0,1,0,0,0,0,0,0,0,0,1,0,0,0
2021-05-17 00:30:04.6,1,0,1,0,0,1,0,0,0,0,0,0,0,0,0,0,1,0,0,0
2021-05-17 00:30:06.0,1,0,1,0,0,1,0,0,1,0,0,0,0,0,0,0,1,0,0,0
2021-05-17 00:30:06.2,0,1,1,0,0,1,0,0,1,0,0,0,0,0,0,0,1,0,0,0
2021-05-17 00:30:06.8,0,1,1,0,0,1,0,0,0,0,0,0,0,0,0,0,1,0,0,0
2021-05-17 00:30:08.1,0,1,1,0,0,1,0,1,0,0,0,0,0,0,0,0,1,0,0,0
2021-05-17 00:30:08.2,0,1,1,0,0,0,0,1,0,0,0,0,0,0,0,0,1,0,0,0
2021-05-17 00:30:09.3,0,1,1,0,0,0,1,1,0,0,0,0,0,0,0,0,1,0,0,0
2021-05-17 00:30:09.4,0,1,1,0,0,0,0,1,0,0,0,0,0,0,0,0,1,0,0,0
2021-05-17 00:30:10.7,0,1,1,0,0,1,0,1,0,0,0,0,0,0,0,0,1,0,0,0
2021-05-17 00:30:11.2,0,1,1,0,0,1,0,0,0,0,0,0,0,0,0,0,1,0,0,0
2021-05-17 00:30:12.5,0,1,1,0,0,1,0,0,1,0,0,0,0,0,0,0,1,0,0,0
2021-05-17 00:30:12.6,0,0,1,0,0,1,0,0,1,0,0,0,0,0,0,0,1,0,0,0
2021-05-17 00:30:12.7,1,0,1,0,0,1,0,0,1,0,0,0,0,0,0,0,1,0,0,0
2021-05-17 00:30:13.2,1,0,1,0,0,1,0,0,0,0,0,0,0,0,0,0,1,0,0,0
2021-05-17 00:30:14.7,1,0,1,0,0,1,0,1,0,0,0,0,0,0,0,0,1,0,0,0
2021-05-17 00:30:14.8,1,0,1,0,0,0,0,1,0,0,0,0,0,0,0,0,1,0,0,0
2021-05-17 00:30:15.9,1,0,1,0,0,0,1,1,0,0,0,0,0,0,0,0,1,0,0,0
2021-05-17 00:30:16.2,1,0,1,0,0,0,1,1,0,0,0,0,0,1,0,0,1,0,0,0
2021-05-17 00:30:16.3,1,0,1,0,0,0,1,1,0,0,0,0,0,1,0,0,0,0,0,0
2021-05-17 00:30:16.4,1,0,1,0,0,0,1,1,0,0,0,0,0,1,0,1,0,0,0,0
2021-05-17 00:30:16.6,1,0,0,0,0,0,1,1,0,0,0,0,0,1,0,1,0,0,0,0
2021-05-17 00:30:17.4,1,0,0,0,1,0,1,1,0,0,0,0,0,1,0,1,0,0,0,0
2021-05-17 00:30:18.1,1,0,0,0,1,0,1,0,0,0,0,0,0,1,0,1,0,0,0,0
2021-05-17 00:30:19.4,1,0,0,0,1,0,1,0,1,0,0,0,0,1,0,1,0,0,0,0
2021-05-17 00:30:19.5,0,1,0,0,1,0,1,0,1,0,0,0,0,1,0,1,0,0,0,0
2021-05-17 00:30:20.2,0,1,0,0,1,0,1,0,0,0,0,0,0,1,0,1,0,0,0,0
2021-05-17 00:30:21.4,0,1,0,0,1,0,1,1,0,0,0,0,0,1,0,1,0,0,0,0
2021-05-17 00:30:21.7,0,1,0,0,0,0,1,1,0,0,0,0,0,0,0,0,0,0,0,0
2021-05-17 00:30:21.8,0,1,0,0,0,0,1,1,0,0,0,0,0,0,0,0,1,0,0,0
2021-05-17 00:30:30.9,0,1,1,0,0,0,1,1,0,0,0,0,0,0,0,0,1,0,0,0
2021-05-17 00:30:33.1,0,1,1,0,0,0,1,1,0,1,0,0,0,0,0,0,1,0,0,0
2021-05-17 00:30:33.7,0,1,1,0,0,0,1,1,0,0,0,0,0,0,0,0,1,0,0,0
2021-05-17 00:30:36.0,0,1,1,0,0,0,1,1,0,0,1,0,0,0,0,0,1,0,0,0
2021-05-17 00:30:36.4,0,1,1,0,0,0,1,0,0,0,1,0,0,0,0,0,1,0,0,0
2021-05-17 00:30:37.8,0,1,1,0,0,0,1,0,1,0,1,0,0,0,0,0,1,0,0,0
2021-05-17 00:30:37.9,0,0,1,0,0,0,1,0,1,0,1,0,0,0,0,0,1,0,0,0
2021-05-17 00:30:38.0,1,0,1,0,0,0,1,0,1,0,1,0,0,0,0,0,1,0,0,0
2021-05-17 00:30:38.5,1,0,1,0,0,0,1,0,0,0,1,0,0,0,0,0,1,0,0,0
2021-05-17 00:30:38.8,1,0,1,0,0,0,1,0,0,0,0,0,0,0,0,0,1,0,0,0
2021-05-17 00:30:39.9,1,0,1,0,0,0,1,1,0,0,0,0,0,0,0,0,1,0,0,0
2021-05-17 00:30:40.0,1,0,1,0,0,0,0,1,0,0,0,0,0,0,0,0,1,0,0,0
2021-05-17 00:30:41.3,1,0,1,0,0,1,0,1,0,0,0,0,0,0,0,0,1,0,0,0
2021-05-17 00:30:41.7,1,0,1,0,0,1,0,0,0,0,0,0,0,0,0,0,1,0,0,0
2021-05-17 00:30:43.1,1,0,1,0,0,1,0,0,1,0,0,0,0,0,0,0,1,0,0,0
2021-05-17 00:30:43.2,0,0,1,0,0,1,0,0,1,0,0,0,0,0,0,0,1,0,0,0
2021-05-17 00:30:43.3,0,1,1,0,0,1,0,0,1,0,0,0,0,0,0,0,1,0,0,0
2021-05-17 00:30:43.9,0,1,1,0,0,1,0,0,0,0,0,0,0,0,0,0,1,0,0,0
2021-05-17 00:30:45.3,0,1,1,0,0,1,0,1,0,0,0,0,0,0,0,0,1,0,0,0
2021-05-17 00:30:45.4,0,1,1,0,0,0,0,1,0,0,0,0,0,0,0,0,1,0,0,0
2021-05-17 00:30:46.4,0,1,1,0,0,0,1,1,0,0,0,0,0,0,0,0,1,0,0,0
2021-05-17 00:30:46.6,0,1,1,0,0,0,0,1,0,0,0,0,0,0,0,0,1,0,0,0
2021-05-17 00:30:47.7,0,1,1,0,0,1,0,1,0,0,0,0,0,0,0,0,1,0,0,0
2021-05-17 00:30:48.4,0,1,1,0,0,1,0,0,0,0,0,0,0,0,0,0,1,0,0,0
2021-05-17 00:30:49.8,0,1,1,0,0,1,0,0,1,0,0,0,0,0,0,0,1,0,0,0
2021-05-17 00:30:50.0,1,0,1,0,0,1,0,0,1,0,0,0,0,0,0,0,1,0,0,0
2021-05-17 00:30:50.6,1,0,1,0,0,1,0,0,0,0,0,0,0,0,0,0,1,0,0,0
2021-05-17 00:30:51.8,1,0,1,0,0,1,0,1,0,0,0,0,0,0,0,0,1,0,0,0
2021-05-17 00:30:51.9,1,0,1,0,0,0,0,1,0,0,0,0,0,0,0,0,1,0,0,0
2021-05-17 00:30:53.2,1,0,1,0,0,0,1,1,0,0,0,0,0,0,0,0,1,0,0,0
2021-05-17 00:30:53.3,1,0,1,0,0,0,1,1,0,0,0,0,0,1,0,0,1,0,0,0
2021-05-17 00:30:53.4,1,0,1,0,0,0,1,1,0,0,0,0,0,1,0,0,0,0,0,0
2021-05-17 00:30:53.5,1,0,1,0,0,0,1,1,0,0,0,0,0,1,0,1,0,0,0,0
2021-05-17 00:30:53.7,1,0,0,0,0,0,1,1,0,0,0,0,0,1,0,1,0,0,0,0
2021-05-17 00:30:54.6,1,0,0,0,1,0,1,1,0,0,0,0,0,1,0,1,0,0,0,0
2021-05-17 00:30:55.1,1,0,0,0,1,0,1,0,0,0,0,0,0,1,0,1,0,0,0,0
2021-05-17 00:30:56.0,1,0,0,0,1,0,1,0,0,0,0,1,0,1,0,1,0,0,0,0
2021-05-17 00:30:56.5,1,0,0,0,1,0,1,0,1,0,0,1,0,1,0,1,0,0,0,0
2021-05-17 00:30:56.6,0,0,0,0,1,0,1,0,1,0,0,1,0,1,0,1,0,0,0,0
2021-05-17 00:30:56.7,0,1,0,0,1,0,1,0,1,0,0,1,0,1,0,1,0,0,0,0
2021-05-17 00:30:57.3,0,1,0,0,1,0,1,0,0,0,0,1,0,1,0,1,0,0,0,0
2021-05-17 00:30:58.7,0,1,0,0,1,0,1,0,0,1,0,1,0,1,0,1,0,0,0,0
2021-05-17 00:30:59.1,0,1,0,0,1,0,1,1,0,1,0,1,0,1,0,1,0,0,0,0
2021-05-17 00:30:59.2,0,1,0,0,0,0,1,1,0,1,0,1,0,0,0,0,0,0,0,0
2021-05-17 00:30:59.3,0,1,0,0,0,0,1,1,0,1,0,1,0,0,0,0,1,0,0,0
2021-05-17 00:30:59.6,0,1,0,0,0,0,1,1,0,1,0,0,0,0,0,0,1,0,1,0
2021-05-17 00:31:00.1,0,1,1,0,0,0,1,1,0,1,0,0,0,0,0,0,1,0,1,0
2021-05-17 00:31:00.5,0,1,1,0,0,0,1,1,0,0,0,0,0,0,0,0,1,0,1,0
2021-05-17 00:31:03.1,0,1,1,0,0,0,1,1,0,0,1,0,0,0,0,0,1,0,1,0
2021-05-17 00:31:03.6,0,1,1,0,0,0,1,0,0,0,1,0,0,0,0,0,1,0,1,0
2021-05-17 00:31:04.8,0,1,1,0,0,0,1,0,1,0,1,0,0,0,0,0,1,0,1,0
2021-05-17 00:31:05.0,0,0,1,0,0,0,1,0,1,0,1,0,0,0,0,0,1,0,1,0
2021-05-17 00:31:05.1,1,0,1,0,0,0,1,0,1,0,1,0,0,0,0,0,1,0,1,0
2021-05-17 00:31:05.6,1,0,1,0,0,0,1,0,0,0,1,0,0,0,0,0,1,0,1,0
2021-05-17 00:31:05.9,1,0,1,0,0,0,1,0,0,0,0,0,0,0,0,0,1,0,1,0
2021-05-17 00:31:07.1,1,0,1,0,0,0,1,1,0,0,0,0,0,0,0,0,1,0,1,0
2021-05-17 00:31:07.2,1,0,1,0,0,0,0,1,0,0,0,0,0,0,0,0,1,0,1,0
2021-05-17 00:31:08.3,1,0,1,0,0,1,0,1,0,0,0,0,0,0,0,0,1,0,1,0
2021-05-17 00:31:08.9,1,0,1,0,0,1,0,0,0,0,0,0,0,0,0,0,1,0,1,0
2021-05-17 00:31:10.2,1,0,1,0,0,1,0,0,1,0,0,0,0,0,0,0,1,0,1,0
2021-05-17 00:31:10.4,0,0,1,0,0,1,0,0,1,0,0,0,0,0,0,0,1,0,1,0
2021-05-17 00:31:10.5,0,1,1,0,0,1,0,0,1,0,0,0,0,0,0,0,1,0,1,0
2021-05-17 00:31:11.1,0,1,1,0,0,1,0,0,0,0,0,0,0,0,0,0,1,0,1,0
2021-05-17 00:31:12.4,0,1,1,0,0,1,0,1,0,0,0,0,0,0,0,0,1,0,1,0
2021-05-17 00:31:12.6,0,1,1,0,0,0,0,1,0,0,0,0,0,0,0,0,1,0,1,0
2021-05-17 00:31:13.7,0,1,1,0,0,0,1,1,0,0,0,0,0,0,0,0,1,0,1,0
2021-05-17 00:31:13.8,0,1,1,0,0,0,0,1,0,0,0,0,0,0,0,0,1,0,1,0
2021-05-17 00:31:15.0,0,1,1,0,0,1,0,1,0,0,0,0,0,0,0,0,1,0,1,0
2021-05-17 00:31:15.6,0,1,1,0,0,1,0,0,0,0,0,0,0,0,0,0,1,0,1,0
2021-05-17 00:31:16.9,0,1,1,0,0,1,0,0,1,0,0,0,0,0,0,0,1,0,1,0
2021-05-17 00:31:17.1,1,0,1,0,0,1,0,0,1,0,0,0,0,0,0,0,1,0,1,0
2021-05-17 00:31:17.7,1,0,1,0,0,1,0,0,0,0,0,0,0,0,0,0,1,0,1,0
2021-05-17 00:31:19.0,1,0,1,0,0,1,0,1,0,0,0,0,0,0,0,0,1,0,1,0
2021-05-17 00:31:19.1,1,0,1,0,0,0,0,1,0,0,0,0,0,0,0,0,1,0,1,0
2021-05-17 00:31:20.2,1,0,1,0,0,0,1,1,0,0,0,0,0,0,0,0,1,0,1,0
2021-05-17 00:31:20.4,1,0,1,0,0,0,1,1,0,0,0,0,0,0,1,0,1,0,1,0
2021-05-17 00:31:20.7,1,0,0,0,0,0,1,1,0,0,0,0,0,0,1,0,1,0,1,0
2021-05-17 00:31:22.6,1,0,0,1,0,0,1,1,0,0,0,0,0,0,1,0,1,0,1,0
2021-05-17 00:31:23.2,1,0,0,1,0,0,1,0,0,0,0,0,0,0,1,0,1,0,1,0
2021-05-17 00:31:24.0,1,0,0,1,0,0,1,0,0,0,0,0,1,0,1,0,1,0,1,0
2021-05-17 00:31:24.5,1,0,0,1,0,0,1,0,1,0,0,0,1,0,1,0,1,0,1,0
2021-05-17 00:31:24.6,0,0,0,1,0,0,1,0,1,0,0,0,1,0,1,0,1,0,1,0
2021-05-17 00:31:24.7,0,1,0,1,0,0,1,0,1,0,0,0,1,0,1,0,1,0,1,0
2021-05-17 00:31:25.2,0,1,0,1,0,0,1,0,0,0,0,0,1,0,1,0,1,0,1,0
2021-05-17 00:31:26.6,0,1,0,1,0,0,1,1,0,0,0,0,1,0,1,0,1,0,1,0
2021-05-17 00:31:26.7,0,1,0,0,0,0,1,1,0,0,0,0,1,0,0,0,1,0,1,0
2021-05-17 00:31:27.2,0,1,0,0,0,0,1,1,0,0,0,0,0,0,0,0,1,0,1,0
2021-05-17 00:31:27.5,0,1,0,0,0,0,1,1,0,0,0,0,0,0,0,0,1,0,1,1
2021-05-17 00:31:27.6,0,1,0,0,0,0,1,1,0,1,0,0,0,0,0,0,1,0,1,1
2021-05-17 00:31:27.9,0,1,0,0,0,0,1,1,0,1,0,0,0,0,0,0,1,0,1,0
2021-05-17 00:31:28.7,0,1,1,0,0,0,1,1,0,1,0,0,0,0,0,0,1,0,1,0
2021-05-17 00:31:29.1,0,1,1,0,0,0,1,1,0,0,0,0,0,0,0,0,1,0,1,0
2021-05-17 00:31:31.7,0,1,1,0,0,0,1,1,0,0,1,0,0,0,0,0,1,0,1,0
2021-05-17 00:31:32.1,0,1,1,0,0,0,1,0,0,0,1,0,0,0,0,0,1,0,1,0
2021-05-17 00:31:33.5,0,1,1,0,0,0,1,0,1,0,1,0,0,0,0,0,1,0,1,0
2021-05-17 00:31:33.6,0,0,1,0,0,0,1,0,1,0,1,0,0,0,0,0,1,0,1,0
2021-05-17 00:31:33.7,1,0,1,0,0,0,1,0,1,0,1,0,0,0,0,0,1,0,1,0
2021-05-17 00:31:34.3,1,0,1,0,0,0,1,0,0,0,1,0,0,0,0,0,1,0,1,0
2021-05-17 00:31:34.4,1,0,1,0,0,0,1,0,0,0,0,0,0,0,0,0,1,0,1,0
2021-05-17 00:31:35.7,1,0,1,0,0,0,1,1,0,0,0,0,0,0,0,0,1,0,1,0
2021-05-17 00:31:35.8,1,0,1,0,0,0,0,1,0,0,0,0,0,0,0,0,1,0,1,0
2021-05-17 00:31:36.8,1,0,1,0,0,1,0,1,0,0,0,0,0,0,0,0,1,0,1,0
2021-05-17 00:31:37.4,1,0,1,0,0,1,0,0,0,0,0,0,0,0,0,0,1,0,1,0
2021-05-17 00:31:38.9,1,0,1,0,0,1,0,0,1,0,0,0,0,0,0,0,1,0,1,0
2021-05-17 00:31:39.0,0,0,1,0,0,1,0,0,1,0,0,0,0,0,0,0,1,0,1,0
2021-05-17 00:31:39.1,0,1,1,0,0,1,0,0,1,0,0,0,0,0,0,0,1,0,1,0
2021-05-17 00:31:39.7,0,1,1,0,0,1,0,0,0,0,0,0,0,0,0,0,1,0,1,0
2021-05-17 00:31:41.1,0,1,1,0,0,1,0,1,0,0,0,0,0,0,0,0,1,0,1,0
2021-05-17 00:31:41.2,0,1,1,0,0,0,0,1,0,0,0,0,0,0,0,0,1,0,1,0
2021-05-17 00:31:42.3,0,1,1,0,0,0,1,1,0,0,0,0,0,0,0,0,1,0,1,0
2021-05-17 00:31:42.4,0,1,1,0,0,0,0,1,0,0,0,0,0,0,0,0,1,0,1,0
2021-05-17 00:31:43.7,0,1,1,0,0,1,0,1,0,0,0,0,0,0,0,0,1,0,1,0
2021-05-17 00:31:44.1,0,1,1,0,0,1,0,0,0,0,0,0,0,0,0,0,1,0,1,0
2021-05-17 00:31:45.5,0,1,1,0,0,1,0,0,1,0,0,0,0,0,0,0,1,0,1,0
2021-05-17 00:31:45.6,0,0,1,0,0,1,0,0,1,0,0,0,0,0,0,0,1,0,1,0
2021-05-17 00:31:45.7,1,0,1,0,0,1,0,0,1,0,0,0,0,0,0,0,1,0,1,0
2021-05-17 00:31:46.2,1,0,1,0,0,1,0,0,0,0,0,0,0,0,0,0,1,0,1,0
2021-05-17 00:31:47.7,1,0,1,0,0,1,0,1,0,0,0,0,0,0,0,0,1,0,1,0
2021-05-17 00:31:47.8,1,0,1,0,0,0,0,1,0,0,0,0,0,0,0,0,1,0,1,0
2021-05-17 00:31:48.9,1,0,1,0,0,0,1,1,0,0,0,0,0,0,0,0,1,0,1,0
2021-05-17 00:31:49.2,1,0,1,0,0,0,1,1,0,0,0,0,0,0,1,0,1,0,1,0
2021-05-17 00:31:49.3,1,0,0,0,0,0,1,1,0,0,0,0,0,0,1,0,1,0,1,0
2021-05-17 00:31:51.2,1,0,0,1,0,0,1,1,0,0,0,0,0,0,1,0,1,0,1,0
2021-05-17 00:31:51.8,1,0,0,1,0,0,1,0,0,0,0,0,0,0,1,0,1,0,1,0
2021-05-17 00:31:52.6,1,0,0,1,0,0,1,0,0,0,0,0,1,0,1,0,1,0,1,0
2021-05-17 00:31:53.2,1,0,0,1,0,0,1,0,1,0,0,0,1,0,1,0,1,0,1,0
2021-05-17 00:31:53.4,0,1,0,1,0,0,1,0,1,0,0,0,1,0,1,0,1,0,1,0
2021-05-17 00:31:53.8,0,1,0,1,0,0,1,0,0,0,0,0,1,0,1,0,1,0,1,0
2021-05-17 00:31:55.2,0,1,0,1,0,0,1,1,0,0,0,0,1,0,1,0,1,0,1,0
2021-05-17 00:31:55.3,0,1,0,0,0,0,1,1,0,0,0,0,1,0,0,0,1,0,1,0
2021-05-17 00:31:55.9,0,1,0,0,0,0,1,1,0,0,0,0,0,0,0,0,1,0,1,0
2021-05-17 00:31:56.0,0,1,0,0,0,0,1,1,0,0,0,0,0,0,0,0,1,0,1,1
2021-05-17 00:31:56.2,0,1,0,0,0,0,1,1,0,0,0,0,0,0,0,0,1,0,1,0
2021-05-17 00:31:57.4,0,1,1,0,0,0,1,1,0,0,0,0,0,0,0,0,1,0,1,0
2021-05-17 00:31:57.9,0,1,1,0,0,0,1,1,0,1,0,0,0,0,0,0,1,0,1,0
2021-05-17 00:31:58.4,0,1,1,0,0,0,1,1,0,0,0,0,0,0,0,0,1,0,1,0
2021-05-17 00:32:00.6,0,1,1,0,0,0,1,1,0,0,1,0,0,0,0,0,1,0,1,0
2021-05-17 00:32:01.3,0,1,1,0,0,0,1,0,0,0,1,0,0,0,0,0,1,0,1,0
2021-05-17 00:32:02.5,0,1,1,0,0,0,1,0,1,0,1,0,0,0,0,0,1,0,1,0
2021-05-17 00:32:02.7,0,0,1,0,0,0,1,0,1,0,1,0,0,0,0,0,1,0,1,0
2021-05-17 00:32:02.8,1,0,1,0,0,0,1,0,1,0,1,0,0,0,0,0,1,0,1,0
2021-05-17 00:32:03.3,1,0,1,0,0,0,1,0,0,0,1,0,0,0,0,0,1,0,1,0
2021-05-17 00:32:03.4,1,0,1,0,0,0,1,0,0,0,0,0,0,0,0,0,1,0,1,0
2021-05-17 00:32:04.6,1,0,1,0,0,0,1,1,0,0,0,0,0,0,0,0,1,0,1,0
2021-05-17 00:32:04.7,1,0,1,0,0,0,0,1,0,0,0,0,0,0,0,0,1,0,1,0
2021-05-17 00:32:06.0,1,0,1,0,0,1,0,1,0,0,0,0,0,0,0,0,1,0,1,0
2021-05-17 00:32:06.5,1,0,1,0,0,1,0,0,0,0,0,0,0,0,0,0,1,0,1,0
2021-05-17 00:32:07.8,1,0,1,0,0,1,0,0,1,0,0,0,0,0,0,0,1,0,1,0
2021-05-17 00:32:07.9,0,0,1,0,0,1,0,0,1,0,0,0,0,0,0,0,1,0,1,0
2021-05-17 00:32:08.0,0,1,1,0,0,1,0,0,1,0,0,0,0,0,0,0,1,0,1,0
2021-05-17 00:32:08.6,0,1,1,0,0,1,0,0,0,0,0,0,0,0,0,0,1,0,1,0
2021-05-17 00:32:10.0,0,1,1,0,0,1,0,1,0,0,0,0,0,0,0,0,1,0,1,0
2021-05-17 00:32:10.1,0,1,1,0,0,0,0,1,0,0,0,0,0,0,0,0,1,0,1,0
2021-05-17 00:32:11.2,0,1,1,0,0,0,1,1,0,0,0,0,0,0,0,0,1,0,1,0
2021-05-17 00:32:11.4,0,1,1,0,0,0,0,1,0,0,0,0,0,0,0,0,1,0,1,0
2021-05-17 00:32:12.4,0,1,1,0,0,1,0,1,0,0,0,0,0,0,0,0,1,0,1,0
2021-05-17 00:32:13.1,0,1,1,0,0,1,0,0,0,0,0,0,0,0,0,0,1,0,1,0
2021-05-17 00:32:14.5,0,1,1,0,0,1,0,0,1,0,0,0,0,0,0,0,1,0,1,0
2021-05-17 00:32:14.6,0,0,1,0,0,1,0,0,1,0,0,0,0,0,0,0,1,0,1,0
2021-05-17 00:32:14.7,1,0,1,0,0,1,0,0,1,0,0,0,0,0,0,0,1,0,1,0
2021-05-17 00:32:15.3,1,0,1,0,0,1,0,0,0,0,0,0,0,0,0,0,1,0,1,0
2021-05-17 00:32:16.7,1,0,1,0,0,1,0,1,0,0,0,0,0,0,0,0,1,0,1,0
2021-05-17 00:32:16.8,1,0,1,0,0,0,0,1,0,0,0,0,0,0,0,0,1,0,1,0
2021-05-17 00:32:17.9,1,0,1,0,0,0,1,1,0,0,0,0,0,0,0,0,1,0,1,0
2021-05-17 00:32:18.1,1,0,1,0,0,0,1,1,0,0,0,0,0,0,1,0,1,0,1,0
2021-05-17 00:32:18.2,1,0,0,0,0,0,1,1,0,0,0,0,0,0,1,0,1,0,1,0
2021-05-17 00:32:20.2,1,0,0,1,0,0,1,1,0,0,0,0,0,0,1,0,1,0,1,0
2021-05-17 00:32:20.8,1,0,0,1,0,0,1,0,0,0,0,0,0,0,1,0,1,0,1,0
2021-05-17 00:32:21.6,1,0,0,1,0,0,1,0,0,0,0,0,1,0,1,0,1,0,1,0
2021-05-17 00:32:22.1,1,0,0,1,0,0,1,0,1,0,0,0,1,0,1,0,1,0,1,0
2021-05-17 00:32:22.2,0,0,0,1,0,0,1,0,1,0,0,0,1,0,1,0,1,0,1,0
2021-05-17 00:32:22.4,0,1,0,1,0,0,1,0,1,0,0,0,1,0,1,0,1,0,1,0
2021-05-17 00:32:22.9,0,1,0,1,0,0,1,0,0,0,0,0,1,0,1,0,1,0,1,0
2021-05-17 00:32:24.2,0,1,0,1,0,0,1,1,0,0,0,0,1,0,1,0,1,0,1,0
2021-05-17 00:32:24.3,0,1,0,0,0,0,1,1,0,0,0,0,1,0,0,0,1,0,1,0
2021-05-17 00:32:24.9,0,1,0,0,0,0,1,1,0,0,0,0,0,0,0,0,1,0,1,0
2021-05-17 00:32:25.0,0,1,0,0,0,0,1,1,0,0,0,0,0,0,0,0,1,0,1,1
2021-05-17 00:32:25.3,0,1,0,0,0,0,1,1,0,0,0,0,0,0,0,0,1,0,1,0
2021-05-17 00:32:26.3,0,1,1,0,0,0,1,1,0,0,0,0,0,0,0,0,1,0,1,0
2021-05-17 00:32:27.7,0,1,1,0,0,0,1,1,0,1,0,0,0,0,0,0,1,0,1,0
2021-05-17 00:32:28.3,0,1,1,0,0,0,1,1,0,0,0,0,0,0,0,0,1,0,1,0
2021-05-17 00:32:30.6,0,1,1,0,0,0,1,1,0,0,1,0,0,0,0,0,1,0,1,0
2021-05-17 00:32:31.2,0,1,1,0,0,0,1,0,0,0,1,0,0,0,0,0,1,0,1,0
2021-05-17 00:32:32.4,0,1,1,0,0,0,1,0,1,0,1,0,0,0,0,0,1,0,1,0
2021-05-17 00:32:32.5,0,0,1,0,0,0,1,0,1,0,1,0,0,0,0,0,1,0,1,0
2021-05-17 00:32:32.7,1,0,1,0,0,0,1,0,1,0,1,0,0,0,0,0,1,0,1,0
2021-05-17 00:32:33.2,1,0,1,0,0,0,1,0,0,0,1,0,0,0,0,0,1,0,1,0
2021-05-17 00:32:33.4,1,0,1,0,0,0,1,0,0,0,0,0,0,0,0,0,1,0,1,0
2021-05-17 00:32:34.5,1,0,1,0,0,0,1,1,0,0,0,0,0,0,0,0,1,0,1,0
2021-05-17 00:32:34.6,1,0,1,0,0,0,0,1,0,0,0,0,0,0,0,0,1,0,1,0
2021-05-17 00:32:35.9,1,0,1,0,0,1,0,1,0,0,0,0,0,0,0,0,1,0,1,0
2021-05-17 00:32:36.3,1,0,1,0,0,1,0,0,0,0,0,0,0,0,0,0,1,0,1,0
2021-05-17 00:32:37.7,1,0,1,0,0,1,0,0,1,0,0,0,0,0,0,0,1,0,1,0
2021-05-17 00:32:37.8,0,0,1,0,0,1,0,0,1,0,0,0,0,0,0,0,1,0,1,0
2021-05-17 00:32:37.9,0,1,1,0,0,1,0,0,1,0,0,0,0,0,0,0,1,0,1,0
2021-05-17 00:32:38.4,0,1,1,0,0,1,0,0,0,0,0,0,0,0,0,0,1,0,1,0
2021-05-17 00:32:39.9,0,1,1,0,0,1,0,1,0,0,0,0,0,0,0,0,1,0,1,0
2021-05-17 00:32:40.0,0,1,1,0,0,0,0,1,0,0,0,0,0,0,0,0,1,0,1,0
2021-05-17 00:32:41.1,0,1,1,0,0,0,1,1,0,0,0,0,0,0,0,0,1,0,1,0
2021-05-17 00:32:41.2,0,1,1,0,0,0,0,1,0,0,0,0,0,0,0,0,1,0,1,0
2021-05-17 00:32:42.4,0,1,1,0,0,1,0,1,0,0,0,0,0,0,0,0,1,0,1,0
2021-05-17 00:32:43.0,0,1,1,0,0,1,0,0,0,0,0,0,0,0,0,0,1,0,1,0
2021-05-17 00:32:44.4,0,1,1,0,0,1,0,0,1,0,0,0,0,0,0,0,1,0,1,0
2021-05-17 00:32:44.6,1,0,1,0,0,1,0,0,1,0,0,0,0,0,0,0,1,0,1,0
2021-05-17 00:32:45.0,1,0,1,0,0,1,0,0,0,0,0,0,0,0,0,0,1,0,1,0
2021-05-17 00:32:46.4,1,0,1,0,0,1,0,1,0,0,0,0,0,0,0,0,1,0,1,0
2021-05-17 00:32:46.5,1,0,1,0,0,0,0,1,0,0,0,0,0,0,0,0,1,0,1,0
2021-05-17 00:32:47.8,1,0,1,0,0,0,1,1,0,0,0,0,0,0,0,0,1,0,1,0
2021-05-17 00:32:47.9,1,0,1,0,0,0,1,1,0,0,0,0,0,0,1,0,1,0,1,0
2021-05-17 00:32:48.0,1,0,0,0,0,0,1,1,0,0,0,0,0,0,1,0,1,0,1,0
2021-05-17 00:32:50.1,1,0,0,1,0,0,1,1,0,0,0,0,0,0,1,0,1,0,1,0
2021-05-17 00:32:50.6,1,0,0,1,0,0,1,0,0,0,0,0,0,0,1,0,1,0,1,0
2021-05-17 00:32:51.5,1,0,0,1,0,0,1,0,0,0,0,0,1,0,1,0,1,0,1,0
2021-05-17 00:32:51.9,1,0,0,1,0,0,1,0,1,0,0,0,1,0,1,0,1,0,1,0
2021-05-17 00:32:52.0,0,0,0,1,0,0,1,0,1,0,0,0,1,0,1,0,1,0,1,0
2021-05-17 00:32:52.2,0,1,0,1,0,0,1,0,1,0,0,0,1,0,1,0,1,0,1,0
2021-05-17 00:32:52.7,0,1,0,1,0,0,1,0,0,0,0,0,1,0,1,0,1,0,1,0
2021-05-17 00:32:54.0,0,1,0,1,0,0,1,1,0,0,0,0,1,0,1,0,1,0,1,0
2021-05-17 00:32:54.1,0,1,0,0,0,0,1,1,0,0,0,0,1,0,0,0,1,0,1,0
2021-05-17 00:32:54.6,0,1,0,0,0,0,1,1,0,0,0,0,0,0,0,0,1,0,1,0
2021-05-17 00:32:54.8,0,1,0,0,0,0,1,1,0,0,0,0,0,0,0,0,1,0,1,1
2021-05-17 00:32:55.0,0,1,0,0,0,0,1,1,0,0,0,0,0,0,0,0,1,0,1,0
2021-05-17 00:32:56.1,0,1,0,0,0,0,1,1,0,1,0,0,0,0,0,0,1,0,1,0
2021-05-17 00:32:56.4,0,1,1,0,0,0,1,1,0,1,0,0,0,0,0,0,1,0,1,0
2021-05-17 00:32:56.7,0,1,1,0,0,0,1,1,0,0,0,0,0,0,0,0,1,0,1,0
2021-05-17 00:32:59.0,0,1,1,0,0,0,1,1,0,0,1,0,0,0,0,0,1,0,1,0
2021-05-17 00:32:59.7,0,1,1,0,0,0,1,0,0,0,1,0,0,0,0,0,1,0,1,0
2021-05-17 00:33:00.9,0,1,1,0,0,0,1,0,1,0,1,0,0,0,0,0,1,0,1,0
2021-05-17 00:33:01.0,0,0,1,0,0,0,1,0,1,0,1,0,0,0,0,0,1,0,1,0
2021-05-17 00:33:01.1,1,0,1,0,0,0,1,0,1,0,1,0,0,0,0,0,1,0,1,0
2021-05-17 00:33:01.7,1,0,1,0,0,0,1,0,0,0,1,0,0,0,0,0,1,0,1,0
2021-05-17 00:33:01.8,1,0,1,0,0,0,1,0,0,0,0,0,0,0,0,0,1,0,1,0
2021-05-17 00:33:03.1,1,0,1,0,0,0,1,1,0,0,0,0,0,0,0,0,1,0,1,0
2021-05-17 00:33:03.2,1,0,1,0,0,0,0,1,0,0,0,0,0,0,0,0,1,0,1,0
2021-05-17 00:33:04.3,1,0,1,0,0,1,0,1,0,0,0,0,0,0,0,0,1,0,1,0
2021-05-17 00:33:04.9,1,0,1,0,0,1,0,0,0,0,0,0,0,0,0,0,1,0,1,0
2021-05-17 00:33:06.2,1,0,1,0,0,1,0,0,1,0,0,0,0,0,0,0,1,0,1,0
2021-05-17 00:33:06.4,0,0,1,0,0,1,0,0,1,0,0,0,0,0,0,0,1,0,1,0
2021-05-17 00:33:06.5,0,1,1,0,0,1,0,0,1,0,0,0,0,0,0,0,1,0,1,0
2021-05-17 00:33:07.1,0,1,1,0,0,1,0,0,0,0,0,0,0,0,0,0,1,0,1,0
2021-05-17 00:33:08.3,0,1,1,0,0,1,0,1,0,0,0,0,0,0,0,0,1,0,1,0
2021-05-17 00:33:08.6,0,1,1,0,0,0,0,1,0,0,0,0,0,0,0,0,1,0,1,0
2021-05-17 00:33:09.7,0,1,1,0,0,0,1,1,0,0,0,0,0,0,0,0,1,0,1,0
2021-05-17 00:33:09.8,0,1,1,0,0,0,0,1,0,0,0,0,0,0,0,0,1,0,1,0
2021-05-17 00:33:11.0,0,1,1,0,0,1,0,1,0,0,0,0,0,0,0,0,1,0,1,0
2021-05-17 00:33:11.6,0,1,1,0,0,1,0,0,0,0,0,0,0,0,0,0,1,0,1,0
2021-05-17 00:33:12.9,0,1,1,0,0,1,0,0,1,0,0,0,0,0,0,0,1,0,1,0
2021-05-17 00:33:13.0,0,0,1,0,0,1,0,0,1,0,0,0,0,0,0,0,1,0,1,0
2021-05-17 00:33:13.1,1,0,1,0,0,1,0,0,1,0,0,0,0,0,0,0,1,0,1,0
2021-05-17 00:33:13.6,1,0,1,0,0,1,0,0,0,0,0,0,0,0,0,0,1,0,1,0
2021-05-17 00:33:15.0,1,0,1,0,0,1,0,1,0,0,0,0,0,0,0,0,1,0,1,0
2021-05-17 00:33:15.2,1,0,1,0,0,0,0,1,0,0,0,0,0,0,0,0,1,0,1,0
2021-05-17 00:33:16.2,1,0,1,0,0,0,1,1,0,0,0,0,0,0,0,0,1,0,1,0
2021-05-17 00:33:16.5,1,0,1,0,0,0,1,1,0,0,0,0,0,0,1,0,1,0,1,0
2021-05-17 00:33:16.7,1,0,0,0,0,0,1,1,0,0,0,0,0,0,1,0,1,0,1,0
2021-05-17 00:33:18.6,1,0,0,1,0,0,1,1,0,0,0,0,0,0,1,0,1,0,1,0
2021-05-17 00:33:19.2,1,0,0,1,0,0,1,0,0,0,0,0,0,0,1,0,1,0,1,0
2021-05-17 00:33:20.0,1,0,0,1,0,0,1,0,0,0,0,0,1,0,1,0,1,0,1,0
2021-05-17 00:33:20.5,1,0,0,1,0,0,1,0,1,0,0,0,1,0,1,0,1,0,1,0
2021-05-17 00:33:20.8,0,1,0,1,0,0,1,0,1,0,0,0,1,0,1,0,1,0,1,0
2021-05-17 00:33:21.2,0,1,0,1,0,0,1,0,0,0,0,0,1,0,1,0,1,0,1,0
2021-05-17 00:33:22.6,0,1,0,1,0,0,1,1,0,0,0,0,1,0,1,0,1,0,1,0
2021-05-17 00:33:22.7,0,1,0,0,0,0,1,1,0,0,0,0,1,0,0,0,1,0,1,0
2021-05-17 00:33:23.3,0,1,0,0,0,0,1,1,0,0,0,0,0,0,0,0,1,0,1,0
2021-05-17 00:33:23.4,0,1,0,0,0,0,1,1,0,0,0,0,0,0,0,0,1,0,1,1
2021-05-17 00:33:24.8,0,1,1,0,0,0,1,1,0,0,0,0,0,0,0,0,1,0,1,1
2021-05-17 00:33:25.3,0,1,1,0,0,0,1,1,0,1,0,0,0,0,0,0,1,0,1,1
2021-05-17 00:33:25.8,0,1,1,0,0,0,1,1,0,0,0,0,0,0,0,0,1,0,1,1
2021-05-17 00:33:28.0,0,1,1,0,0,0,1,1,0,0,1,0,0,0,0,0,1,0,1,1
2021-05-17 00:33:28.6,0,1,1,0,0,0,1,0,0,0,1,0,0,0,0,0,1,0,1,1
2021-05-17 00:33:30.0,0,1,1,0,0,0,1,0,1,0,1,0,0,0,0,0,1,0,1,1
2021-05-17 00:33:30.1,0,0,1,0,0,0,1,0,1,0,1,0,0,0,0,0,1,0,1,1
2021-05-17 00:33:30.2,1,0,1,0,0,0,1,0,1,0,1,0,0,0,0,0,1,0,1,1
2021-05-17 00:33:30.8,1,0,1,0,0,0,1,0,0,0,1,0,0,0,0,0,1,0,1,1
2021-05-17 00:33:30.9,1,0,1,0,0,0,1,0,0,0,0,0,0,0,0,0,1,0,1,1
2021-05-17 00:33:32.2,1,0,1,0,0,0,1,1,0,0,0,0,0,0,0,0,1,0,1,1
2021-05-17 00:33:32.3,1,0,1,0,0,0,0,1,0,0,0,0,0,0,0,0,1,0,1,1
2021-05-17 00:33:33.3,1,0,1,0,0,1,0,1,0,0,0,0,0,0,0,0,1,0,1,1
2021-05-17 00:33:33.9,1,0,1,0,0,1,0,0,0,0,0,0,0,0,0,0,1,0,1,1
2021-05-17 00:33:35.4,1,0,1,0,0,1,0,0,1,0,0,0,0,0,0,0,1,0,1,1
2021-05-17 00:33:35.5,0,0,1,0,0,1,0,0,1,0,0,0,0,0,0,0,1,0,1,1
2021-05-17 00:33:35.6,0,1,1,0,0,1,0,0,1,0,0,0,0,0,0,0,1,0,1,1
2021-05-17 00:33:36.2,0,1,1,0,0,1,0,0,0,0,0,0,0,0,0,0,1,0,1,1
2021-05-17 00:33:37.6,0,1,1,0,0,1,0,1,0,0,0,0,0,0,0,0,1,0,1,1
2021-05-17 00:33:37.7,0,1,1,0,0,0,0,1,0,0,0,0,0,0,0,0,1,0,1,1
2021-05-17 00:33:38.8,0,1,1,0,0,0,1,1,0,0,0,0,0,0,0,0,1,0,1,1
2021-05-17 00:33:38.9,0,1,1,0,0,0,0,1,0,0,0,0,0,0,0,0,1,0,1,1
2021-05-17 00:33:40.2,0,1,1,0,0,1,0,1,0,0,0,0,0,0,0,0,1,0,1,1
2021-05-17 00:33:40.6,0,1,1,0,0,1,0,0,0,0,0,0,0,0,0,0,1,0,1,1
2021-05-17 00:33:42.0,0,1,1,0,0,1,0,0,1,0,0,0,0,0,0,0,1,0,1,1
2021-05-17 00:33:42.1,0,0,1,0,0,1,0,0,1,0,0,0,0,0,0,0,1,0,1,1
2021-05-17 00:33:42.2,1,0,1,0,0,1,0,0,1,0,0,0,0,0,0,0,1,0,1,1
2021-05-17 00:33:42.8,1,0,1,0,0,1,0,0,0,0,0,0,0,0,0,0,1,0,1,1
2021-05-17 00:33:44.2,1,0,1,0,0,1,0,1,0,0,0,0,0,0,0,0,1,0,1,1
2021-05-17 00:33:44.3,1,0,1,0,0,0,0,1,0,0,0,0,0,0,0,0,1,0,1,1
2021-05-17 00:33:45.5,1,0,1,0,0,0,1,1,0,0,0,0,0,0,0,0,1,0,1,1
